告警ID,告警级别,告警名称,告警对象,对象类型,产生时间,清除时间,清除类型
15.1000102,重要,虚拟机内存占用率超过阈值,核心网性能数据采集_windows应用服务器,虚拟机,2018/06/15 20:42:00 GMT+08:00,-,-
15.1007030,重要,VRM未配置远程管理数据备份,VRM02,VRM节点,2018/01/16 02:00:15 GMT+08:00,-,-
15.1007030,重要,VRM未配置远程管理数据备份,VRM01,VRM节点,2017/12/20 02:00:14 GMT+08:00,-,-
15.1000101,重要,虚拟机CPU占用率超过阈值,superFM02,虚拟机,2018/06/22 09:17:00 GMT+08:00,2018/06/22 09:18:00 GMT+08:00,正常清除
15.1000036,次要,主机逻辑磁盘占用率超过阈值,CNA08,主机,2018/06/20 22:15:00 GMT+08:00,2018/06/20 22:33:00 GMT+08:00,正常清除
15.1000036,次要,主机逻辑磁盘占用率超过阈值,CNA002,主机,2018/06/20 15:44:00 GMT+08:00,2018/06/20 15:48:00 GMT+08:00,正常清除
15.1000101,次要,虚拟机CPU占用率超过阈值,superFM02,虚拟机,2018/06/18 15:10:00 GMT+08:00,2018/06/18 15:11:00 GMT+08:00,正常清除
15.1000036,次要,主机逻辑磁盘占用率超过阈值,CNA04,主机,2018/06/18 08:00:00 GMT+08:00,2018/06/18 08:04:00 GMT+08:00,正常清除
15.1000101,次要,虚拟机CPU占用率超过阈值,superFM02,虚拟机,2018/06/17 17:57:00 GMT+08:00,2018/06/17 17:58:00 GMT+08:00,正常清除
15.1000036,次要,主机逻辑磁盘占用率超过阈值,CNA08,主机,2018/06/17 11:30:00 GMT+08:00,2018/06/17 11:33:00 GMT+08:00,正常清除
15.1000101,次要,虚拟机CPU占用率超过阈值,superFM02,虚拟机,2018/06/14 18:00:00 GMT+08:00,2018/06/14 18:01:00 GMT+08:00,正常清除
15.1000036,次要,主机逻辑磁盘占用率超过阈值,CNA08,主机,2018/06/14 01:43:00 GMT+08:00,2018/06/14 01:47:00 GMT+08:00,正常清除
15.1000101,次要,虚拟机CPU占用率超过阈值,superFM02,虚拟机,2018/06/13 19:05:00 GMT+08:00,2018/06/13 19:06:00 GMT+08:00,正常清除
15.1000101,重要,虚拟机CPU占用率超过阈值,superFM02,虚拟机,2018/06/13 14:31:00 GMT+08:00,2018/06/13 14:32:00 GMT+08:00,正常清除
15.1000101,重要,虚拟机CPU占用率超过阈值,superFM02,虚拟机,2018/06/13 12:13:00 GMT+08:00,2018/06/13 12:14:00 GMT+08:00,正常清除
15.1000101,重要,虚拟机CPU占用率超过阈值,superFM02,虚拟机,2018/06/13 06:43:00 GMT+08:00,2018/06/13 06:44:00 GMT+08:00,正常清除
15.1000101,重要,虚拟机CPU占用率超过阈值,superFM02,虚拟机,2018/06/13 03:58:00 GMT+08:00,2018/06/13 03:59:00 GMT+08:00,正常清除
15.1000036,次要,主机逻辑磁盘占用率超过阈值,CNA03,主机,2018/06/13 02:55:00 GMT+08:00,2018/06/13 02:56:00 GMT+08:00,正常清除
15.1000101,重要,虚拟机CPU占用率超过阈值,superFM02,虚拟机,2018/06/12 22:28:00 GMT+08:00,2018/06/12 22:29:00 GMT+08:00,正常清除
15.1000036,次要,主机逻辑磁盘占用率超过阈值,CNA05,主机,2018/06/12 18:48:00 GMT+08:00,2018/06/12 18:49:00 GMT+08:00,正常清除
15.1000101,重要,虚拟机CPU占用率超过阈值,superFM02,虚拟机,2018/06/12 01:24:00 GMT+08:00,2018/06/12 01:25:00 GMT+08:00,正常清除
15.1000101,次要,虚拟机CPU占用率超过阈值,superFM02,虚拟机,2018/06/11 19:54:00 GMT+08:00,2018/06/11 19:55:00 GMT+08:00,正常清除
15.1000101,次要,虚拟机CPU占用率超过阈值,superFM02,虚拟机,2018/06/11 03:24:00 GMT+08:00,2018/06/11 03:25:00 GMT+08:00,正常清除
15.1000036,次要,主机逻辑磁盘占用率超过阈值,CNA001,主机,2018/06/11 01:42:00 GMT+08:00,2018/06/11 01:49:00 GMT+08:00,正常清除
15.1000036,次要,主机逻辑磁盘占用率超过阈值,CNA08,主机,2018/06/10 18:28:00 GMT+08:00,2018/06/10 18:32:00 GMT+08:00,正常清除
15.1000036,次要,主机逻辑磁盘占用率超过阈值,CNA05,主机,2018/06/09 06:45:00 GMT+08:00,2018/06/09 06:49:00 GMT+08:00,正常清除
15.1000036,次要,主机逻辑磁盘占用率超过阈值,CNA07,主机,2018/06/08 00:37:00 GMT+08:00,2018/06/08 00:42:00 GMT+08:00,正常清除
15.1000036,次要,主机逻辑磁盘占用率超过阈值,CNA001,主机,2018/06/06 17:15:00 GMT+08:00,2018/06/06 17:19:00 GMT+08:00,正常清除
15.1000036,次要,主机逻辑磁盘占用率超过阈值,CNA10,主机,2018/06/05 21:48:00 GMT+08:00,2018/06/05 21:49:00 GMT+08:00,正常清除
15.1000036,次要,主机逻辑磁盘占用率超过阈值,CNA04,主机,2018/06/04 19:13:00 GMT+08:00,2018/06/04 19:18:00 GMT+08:00,正常清除
15.1000036,次要,主机逻辑磁盘占用率超过阈值,CNA08,主机,2018/06/03 19:28:00 GMT+08:00,2018/06/03 19:33:00 GMT+08:00,正常清除
15.1000036,次要,主机逻辑磁盘占用率超过阈值,CNA002,主机,2018/06/03 01:44:00 GMT+08:00,2018/06/03 01:49:00 GMT+08:00,正常清除
15.1000036,次要,主机逻辑磁盘占用率超过阈值,CNA05,主机,2018/06/02 09:32:00 GMT+08:00,2018/06/02 09:33:00 GMT+08:00,正常清除
15.1000036,次要,主机逻辑磁盘占用率超过阈值,CNA08,主机,2018/05/31 08:15:00 GMT+08:00,2018/05/31 08:19:00 GMT+08:00,正常清除
15.1000036,次要,主机逻辑磁盘占用率超过阈值,CNA05,主机,2018/05/29 21:28:00 GMT+08:00,2018/05/29 21:33:00 GMT+08:00,正常清除
15.1000036,次要,主机逻辑磁盘占用率超过阈值,CNA10,主机,2018/05/29 15:05:00 GMT+08:00,2018/05/29 15:06:00 GMT+08:00,正常清除
15.1000036,次要,主机逻辑磁盘占用率超过阈值,CNA001,主机,2018/05/28 23:59:00 GMT+08:00,2018/05/29 00:04:00 GMT+08:00,正常清除
15.1000101,次要,虚拟机CPU占用率超过阈值,superFM02,虚拟机,2018/05/26 07:45:00 GMT+08:00,2018/05/26 07:46:00 GMT+08:00,正常清除
15.1000036,次要,主机逻辑磁盘占用率超过阈值,CNA002,主机,2018/05/25 03:48:00 GMT+08:00,2018/05/25 03:49:00 GMT+08:00,正常清除
15.1000036,次要,主机逻辑磁盘占用率超过阈值,CNA001,主机,2018/05/24 16:59:00 GMT+08:00,2018/05/24 17:04:00 GMT+08:00,正常清除
15.1000101,重要,虚拟机CPU占用率超过阈值,superFM02,虚拟机,2018/05/24 10:50:00 GMT+08:00,2018/05/24 10:51:00 GMT+08:00,正常清除
15.1000036,次要,主机逻辑磁盘占用率超过阈值,CNA08,主机,2018/05/24 06:15:00 GMT+08:00,2018/05/24 06:18:00 GMT+08:00,正常清除
15.1000101,次要,虚拟机CPU占用率超过阈值,superFM02,虚拟机,2018/05/24 04:07:00 GMT+08:00,2018/05/24 04:08:00 GMT+08:00,正常清除
15.1000101,重要,虚拟机CPU占用率超过阈值,superFM02,虚拟机,2018/05/23 23:50:00 GMT+08:00,2018/05/23 23:51:00 GMT+08:00,正常清除
15.1000101,重要,虚拟机CPU占用率超过阈值,superFM02,虚拟机,2018/05/23 19:52:00 GMT+08:00,2018/05/23 19:53:00 GMT+08:00,正常清除
15.1000101,重要,虚拟机CPU占用率超过阈值,superFM02,虚拟机,2018/05/23 17:07:00 GMT+08:00,2018/05/23 17:08:00 GMT+08:00,正常清除
15.1000101,重要,虚拟机CPU占用率超过阈值,superFM02,虚拟机,2018/05/23 15:35:00 GMT+08:00,2018/05/23 15:36:00 GMT+08:00,正常清除
15.1000101,重要,虚拟机CPU占用率超过阈值,superFM02,虚拟机,2018/05/23 12:50:00 GMT+08:00,2018/05/23 12:51:00 GMT+08:00,正常清除
15.1000101,重要,虚拟机CPU占用率超过阈值,superFM02,虚拟机,2018/05/23 10:05:00 GMT+08:00,2018/05/23 10:06:00 GMT+08:00,正常清除
15.1000101,重要,虚拟机CPU占用率超过阈值,superFM02,虚拟机,2018/05/23 06:07:00 GMT+08:00,2018/05/23 06:08:00 GMT+08:00,正常清除
15.1000101,重要,虚拟机CPU占用率超过阈值,superFM02,虚拟机,2018/05/23 05:02:00 GMT+08:00,2018/05/23 05:03:00 GMT+08:00,正常清除
15.1000101,重要,虚拟机CPU占用率超过阈值,superFM02,虚拟机,2018/05/22 23:43:00 GMT+08:00,2018/05/22 23:44:00 GMT+08:00,正常清除
15.1000101,重要,虚拟机CPU占用率超过阈值,superFM02,虚拟机,2018/05/22 19:53:00 GMT+08:00,2018/05/22 19:54:00 GMT+08:00,正常清除
15.1000101,重要,虚拟机CPU占用率超过阈值,superFM02,虚拟机,2018/05/22 17:08:00 GMT+08:00,2018/05/22 17:09:00 GMT+08:00,正常清除
15.1000101,重要,虚拟机CPU占用率超过阈值,superFM02,虚拟机,2018/05/22 11:38:00 GMT+08:00,2018/05/22 11:39:00 GMT+08:00,正常清除
15.1000101,重要,虚拟机CPU占用率超过阈值,superFM02,虚拟机,2018/05/22 08:53:00 GMT+08:00,2018/05/22 08:54:00 GMT+08:00,正常清除
15.1000101,重要,虚拟机CPU占用率超过阈值,superFM02,虚拟机,2018/05/22 07:13:00 GMT+08:00,2018/05/22 07:14:00 GMT+08:00,正常清除
15.1000101,重要,虚拟机CPU占用率超过阈值,superFM02,虚拟机,2018/05/22 00:38:00 GMT+08:00,2018/05/22 00:39:00 GMT+08:00,正常清除
15.1000101,重要,虚拟机CPU占用率超过阈值,superFM02,虚拟机,2018/05/21 22:58:00 GMT+08:00,2018/05/21 22:59:00 GMT+08:00,正常清除
15.1000101,重要,虚拟机CPU占用率超过阈值,superFM02,虚拟机,2018/05/21 09:29:00 GMT+08:00,2018/05/21 09:30:00 GMT+08:00,正常清除
15.1000101,重要,虚拟机CPU占用率超过阈值,superFM02,虚拟机,2018/05/21 01:41:00 GMT+08:00,2018/05/21 01:42:00 GMT+08:00,正常清除
15.1000101,重要,虚拟机CPU占用率超过阈值,superFM02,虚拟机,2018/05/20 22:56:00 GMT+08:00,2018/05/20 22:57:00 GMT+08:00,正常清除
15.1000036,次要,主机逻辑磁盘占用率超过阈值,CNA08,主机,2018/05/20 21:30:00 GMT+08:00,2018/05/20 21:48:00 GMT+08:00,正常清除
15.1000101,重要,虚拟机CPU占用率超过阈值,superFM02,虚拟机,2018/05/20 18:20:00 GMT+08:00,2018/05/20 18:21:00 GMT+08:00,正常清除
15.1000101,重要,虚拟机CPU占用率超过阈值,superFM02,虚拟机,2018/05/20 08:14:00 GMT+08:00,2018/05/20 08:15:00 GMT+08:00,正常清除
15.1000101,重要,虚拟机CPU占用率超过阈值,superFM02,虚拟机,2018/05/19 22:08:00 GMT+08:00,2018/05/19 22:09:00 GMT+08:00,正常清除
15.1000101,重要,虚拟机CPU占用率超过阈值,superFM02,虚拟机,2018/05/19 19:23:00 GMT+08:00,2018/05/19 19:24:00 GMT+08:00,正常清除
15.1000101,次要,虚拟机CPU占用率超过阈值,superFM02,虚拟机,2018/05/18 21:47:00 GMT+08:00,2018/05/18 21:48:00 GMT+08:00,正常清除
15.1000036,次要,主机逻辑磁盘占用率超过阈值,CNA04,主机,2018/05/18 00:14:00 GMT+08:00,2018/05/18 00:19:00 GMT+08:00,正常清除
15.1000101,重要,虚拟机CPU占用率超过阈值,superFM02,虚拟机,2018/05/17 12:41:00 GMT+08:00,2018/05/17 12:42:00 GMT+08:00,正常清除
15.1000101,重要,虚拟机CPU占用率超过阈值,superFM02,虚拟机,2018/05/17 05:20:00 GMT+08:00,2018/05/17 05:21:00 GMT+08:00,正常清除
15.1000101,重要,虚拟机CPU占用率超过阈值,superFM02,虚拟机,2018/05/17 02:35:00 GMT+08:00,2018/05/17 02:36:00 GMT+08:00,正常清除
15.1000101,重要,虚拟机CPU占用率超过阈值,superFM02,虚拟机,2018/05/16 16:29:00 GMT+08:00,2018/05/16 16:30:00 GMT+08:00,正常清除
15.1000101,重要,虚拟机CPU占用率超过阈值,superFM02,虚拟机,2018/05/16 09:08:00 GMT+08:00,2018/05/16 09:09:00 GMT+08:00,正常清除
15.1000101,重要,虚拟机CPU占用率超过阈值,superFM02,虚拟机,2018/05/14 05:38:00 GMT+08:00,2018/05/14 05:39:00 GMT+08:00,正常清除
15.1000036,次要,主机逻辑磁盘占用率超过阈值,CNA08,主机,2018/05/13 21:29:00 GMT+08:00,2018/05/13 21:33:00 GMT+08:00,正常清除
15.1000036,次要,主机逻辑磁盘占用率超过阈值,CNA002,主机,2018/05/11 23:29:00 GMT+08:00,2018/05/11 23:34:00 GMT+08:00,正常清除
15.1000036,次要,主机逻辑磁盘占用率超过阈值,CNA001,主机,2018/05/11 11:44:00 GMT+08:00,2018/05/11 11:48:00 GMT+08:00,正常清除
15.1000036,次要,主机逻辑磁盘占用率超过阈值,CNA08,主机,2018/05/10 10:14:00 GMT+08:00,2018/05/10 11:32:00 GMT+08:00,正常清除
15.1000036,次要,主机逻辑磁盘占用率超过阈值,CNA05,主机,2018/05/09 01:43:00 GMT+08:00,2018/05/09 01:49:00 GMT+08:00,正常清除
10.1000027,紧急,主机与VRM心跳异常,CNA07,主机,2018/05/08 00:28:31 GMT+08:00,2018/05/08 00:30:14 GMT+08:00,正常清除
10.1000027,紧急,主机与VRM心跳异常,CNA001,主机,2018/05/08 00:28:31 GMT+08:00,2018/05/08 00:30:11 GMT+08:00,正常清除
10.1000027,紧急,主机与VRM心跳异常,CNA04,主机,2018/05/08 00:28:31 GMT+08:00,2018/05/08 00:29:56 GMT+08:00,正常清除
10.1000027,紧急,主机与VRM心跳异常,CNA10,主机,2018/05/08 00:28:31 GMT+08:00,2018/05/08 00:30:14 GMT+08:00,正常清除
15.1007027,紧急,VRM主备节点数据库同步异常,VRM01,VRM节点,2018/05/08 00:28:22 GMT+08:00,2018/05/08 00:30:02 GMT+08:00,正常清除
15.1002000,紧急,VRM主备间节点心跳故障,VRM01,VRM节点,2018/05/08 00:21:20 GMT+08:00,2018/05/08 00:26:14 GMT+08:00,正常清除
15.1000101,重要,虚拟机CPU占用率超过阈值,superFM01,虚拟机,2018/05/07 23:14:00 GMT+08:00,2018/05/07 23:15:00 GMT+08:00,正常清除
15.1000036,次要,主机逻辑磁盘占用率超过阈值,CNA10,主机,2018/05/07 19:03:00 GMT+08:00,2018/05/07 19:04:00 GMT+08:00,正常清除
15.1000036,次要,主机逻辑磁盘占用率超过阈值,CNA08,主机,2018/05/06 21:59:00 GMT+08:00,2018/05/06 23:17:00 GMT+08:00,正常清除
15.1000036,次要,主机逻辑磁盘占用率超过阈值,CNA05,主机,2018/05/05 13:29:00 GMT+08:00,2018/05/05 13:34:00 GMT+08:00,正常清除
15.1000101,重要,虚拟机CPU占用率超过阈值,superFM01,虚拟机,2018/05/03 15:47:00 GMT+08:00,2018/05/03 15:48:00 GMT+08:00,正常清除
15.1000036,次要,主机逻辑磁盘占用率超过阈值,CNA04,主机,2018/05/03 15:27:00 GMT+08:00,2018/05/03 15:33:00 GMT+08:00,正常清除
15.1000101,重要,虚拟机CPU占用率超过阈值,superFM01,虚拟机,2018/05/03 07:32:00 GMT+08:00,2018/05/03 07:33:00 GMT+08:00,正常清除
15.1000101,重要,虚拟机CPU占用率超过阈值,superFM01,虚拟机,2018/05/03 04:47:00 GMT+08:00,2018/05/03 04:48:00 GMT+08:00,正常清除
15.1000036,次要,主机逻辑磁盘占用率超过阈值,CNA002,主机,2018/05/03 04:44:00 GMT+08:00,2018/05/03 04:49:00 GMT+08:00,正常清除
15.1000101,重要,虚拟机CPU占用率超过阈值,superFM01,虚拟机,2018/05/03 02:02:00 GMT+08:00,2018/05/03 02:03:00 GMT+08:00,正常清除
15.1000101,重要,虚拟机CPU占用率超过阈值,superFM01,虚拟机,2018/05/02 23:17:00 GMT+08:00,2018/05/02 23:18:00 GMT+08:00,正常清除
15.1000101,重要,虚拟机CPU占用率超过阈值,superFM01,虚拟机,2018/05/02 20:32:00 GMT+08:00,2018/05/02 20:33:00 GMT+08:00,正常清除
15.1000101,次要,虚拟机CPU占用率超过阈值,superFM01,虚拟机,2018/05/02 17:47:00 GMT+08:00,2018/05/02 17:48:00 GMT+08:00,正常清除
15.1000101,重要,虚拟机CPU占用率超过阈值,superFM01,虚拟机,2018/05/02 12:17:00 GMT+08:00,2018/05/02 12:18:00 GMT+08:00,正常清除
15.1000101,重要,虚拟机CPU占用率超过阈值,superFM01,虚拟机,2018/05/02 04:02:00 GMT+08:00,2018/05/02 04:03:00 GMT+08:00,正常清除
15.1000036,次要,主机逻辑磁盘占用率超过阈值,CNA05,主机,2018/05/02 02:59:00 GMT+08:00,2018/05/02 03:04:00 GMT+08:00,正常清除
15.1000036,次要,主机逻辑磁盘占用率超过阈值,CNA07,主机,2018/05/01 16:40:00 GMT+08:00,2018/05/01 16:42:00 GMT+08:00,正常清除
15.1000036,次要,主机逻辑磁盘占用率超过阈值,CNA08,主机,2018/04/29 22:45:00 GMT+08:00,2018/04/29 22:48:00 GMT+08:00,正常清除
15.1000204,紧急,主机网口状态异常,CNA03,主机,2018/04/28 18:27:25 GMT+08:00,2018/04/28 18:27:55 GMT+08:00,正常清除
15.1000102,重要,虚拟机内存占用率超过阈值,核心网性能数据采集_windows应用服务器,虚拟机,2018/04/28 17:57:00 GMT+08:00,2018/06/15 03:30:00 GMT+08:00,正常清除
15.1000204,紧急,主机网口状态异常,CNA04,主机,2018/04/28 17:55:38 GMT+08:00,2018/04/28 18:25:38 GMT+08:00,正常清除
15.1000204,紧急,主机网口状态异常,CNA05,主机,2018/04/28 17:55:23 GMT+08:00,2018/04/28 18:25:24 GMT+08:00,正常清除
15.1000204,紧急,主机网口状态异常,CNA06,主机,2018/04/28 17:54:55 GMT+08:00,2018/04/28 18:25:26 GMT+08:00,正常清除
15.1000204,紧急,主机网口状态异常,CNA08,主机,2018/04/28 17:53:25 GMT+08:00,2018/04/28 18:24:56 GMT+08:00,正常清除
15.1000204,紧急,主机网口状态异常,CNA09,主机,2018/04/28 17:50:07 GMT+08:00,2018/04/28 18:13:08 GMT+08:00,正常清除
15.1002006,紧急,主机与NTP服务器心跳状态异常,CNA09,主机,2018/04/28 10:42:03 GMT+08:00,2018/04/28 17:56:02 GMT+08:00,正常清除
15.1002006,紧急,主机与NTP服务器心跳状态异常,CNA03,主机,2018/04/28 10:42:02 GMT+08:00,2018/04/28 18:32:02 GMT+08:00,正常清除
15.1002006,紧急,主机与NTP服务器心跳状态异常,CNA06,主机,2018/04/28 10:42:02 GMT+08:00,2018/04/28 18:04:02 GMT+08:00,正常清除
15.1002006,紧急,主机与NTP服务器心跳状态异常,CNA08,主机,2018/04/28 10:42:02 GMT+08:00,2018/04/28 17:58:02 GMT+08:00,正常清除
15.1002006,紧急,主机与NTP服务器心跳状态异常,CNA05,主机,2018/04/28 10:42:02 GMT+08:00,2018/04/28 18:00:02 GMT+08:00,正常清除
15.1002006,紧急,主机与NTP服务器心跳状态异常,CNA001,主机,2018/04/28 10:42:02 GMT+08:00,2018/04/28 18:18:02 GMT+08:00,正常清除
15.1002006,紧急,主机与NTP服务器心跳状态异常,CNA04,主机,2018/04/28 10:42:02 GMT+08:00,2018/04/28 18:00:02 GMT+08:00,正常清除
15.1007009,紧急,VRM与NTP服务器心跳状态异常,VRM01,VRM节点,2018/04/28 10:42:02 GMT+08:00,2018/04/28 18:10:02 GMT+08:00,正常清除
15.1004009,紧急,虚拟机HA时，资源不足导致启动失败,superFM01,虚拟机,2018/04/28 10:25:31 GMT+08:00,2018/04/28 18:06:11 GMT+08:00,正常清除
15.1004009,紧急,虚拟机HA时，资源不足导致启动失败,VRM01,虚拟机,2018/04/28 10:25:30 GMT+08:00,2018/04/28 18:06:12 GMT+08:00,正常清除
10.1000027,紧急,主机与VRM心跳异常,CNA06,主机,2018/04/28 10:16:47 GMT+08:00,2018/04/28 17:54:33 GMT+08:00,正常清除
10.1000027,紧急,主机与VRM心跳异常,CNA001,主机,2018/04/28 10:16:47 GMT+08:00,2018/04/28 18:06:10 GMT+08:00,正常清除
10.1000027,紧急,主机与VRM心跳异常,CNA05,主机,2018/04/28 10:16:47 GMT+08:00,2018/04/28 17:54:57 GMT+08:00,正常清除
10.1000027,紧急,主机与VRM心跳异常,CNA04,主机,2018/04/28 10:16:46 GMT+08:00,2018/04/28 17:55:03 GMT+08:00,正常清除
10.1000027,紧急,主机与VRM心跳异常,CNA03,主机,2018/04/28 10:16:46 GMT+08:00,2018/04/28 18:26:44 GMT+08:00,正常清除
10.1000027,紧急,主机与VRM心跳异常,CNA09,主机,2018/04/28 10:16:46 GMT+08:00,2018/04/28 17:50:05 GMT+08:00,正常清除
10.1000027,紧急,主机与VRM心跳异常,CNA08,主机,2018/04/28 10:16:46 GMT+08:00,2018/04/28 17:53:02 GMT+08:00,正常清除
15.1007027,紧急,VRM主备节点数据库同步异常,VRM02,VRM节点,2018/04/28 10:16:22 GMT+08:00,2018/04/28 18:06:17 GMT+08:00,正常清除
15.1002000,紧急,VRM主备间节点心跳故障,VRM02,VRM节点,2018/04/28 10:14:34 GMT+08:00,2018/04/28 18:06:09 GMT+08:00,正常清除
15.1000101,重要,虚拟机CPU占用率超过阈值,superFM02,虚拟机,2018/04/27 18:38:00 GMT+08:00,2018/04/27 18:39:00 GMT+08:00,正常清除
15.1000101,重要,虚拟机CPU占用率超过阈值,superFM02,虚拟机,2018/04/27 06:44:00 GMT+08:00,2018/04/27 06:45:00 GMT+08:00,正常清除
15.1000101,次要,虚拟机CPU占用率超过阈值,superFM02,虚拟机,2018/04/26 14:07:00 GMT+08:00,2018/04/26 14:08:00 GMT+08:00,正常清除
15.1000101,重要,虚拟机CPU占用率超过阈值,superFM02,虚拟机,2018/04/25 08:25:00 GMT+08:00,2018/04/25 08:26:00 GMT+08:00,正常清除
15.1000036,次要,主机逻辑磁盘占用率超过阈值,CNA05,主机,2018/04/25 04:45:00 GMT+08:00,2018/04/25 04:49:00 GMT+08:00,正常清除
15.1000101,重要,虚拟机CPU占用率超过阈值,superFM02,虚拟机,2018/04/24 19:37:00 GMT+08:00,2018/04/24 19:38:00 GMT+08:00,正常清除
15.1000101,次要,虚拟机CPU占用率超过阈值,superFM02,虚拟机,2018/04/24 19:10:00 GMT+08:00,2018/04/24 19:11:00 GMT+08:00,正常清除
15.1000101,重要,虚拟机CPU占用率超过阈值,superFM02,虚拟机,2018/04/24 12:45:00 GMT+08:00,2018/04/24 12:46:00 GMT+08:00,正常清除
15.1000101,重要,虚拟机CPU占用率超过阈值,superFM02,虚拟机,2018/04/24 06:58:00 GMT+08:00,2018/04/24 06:59:00 GMT+08:00,正常清除
15.1000102,次要,虚拟机内存占用率超过阈值,VRM01,虚拟机,2018/04/24 06:07:00 GMT+08:00,2018/04/28 18:06:00 GMT+08:00,正常清除
15.1000101,次要,虚拟机CPU占用率超过阈值,superFM02,虚拟机,2018/04/22 10:46:00 GMT+08:00,2018/04/22 10:47:00 GMT+08:00,正常清除
15.1000036,次要,主机逻辑磁盘占用率超过阈值,CNA05,主机,2018/04/21 17:14:00 GMT+08:00,2018/04/21 17:19:00 GMT+08:00,正常清除
15.1000036,次要,主机逻辑磁盘占用率超过阈值,CNA09,主机,2018/04/20 04:06:00 GMT+08:00,2018/04/20 04:07:00 GMT+08:00,正常清除
15.1000036,次要,主机逻辑磁盘占用率超过阈值,CNA001,主机,2018/04/19 09:44:00 GMT+08:00,2018/04/19 09:49:00 GMT+08:00,正常清除
15.1000101,重要,虚拟机CPU占用率超过阈值,superFM02,虚拟机,2018/04/18 17:58:00 GMT+08:00,2018/04/18 17:59:00 GMT+08:00,正常清除
15.1000036,次要,主机逻辑磁盘占用率超过阈值,CNA001,主机,2018/04/15 03:15:00 GMT+08:00,2018/04/15 03:34:00 GMT+08:00,正常清除
15.1000036,次要,主机逻辑磁盘占用率超过阈值,CNA05,主机,2018/04/14 06:13:00 GMT+08:00,2018/04/14 06:18:00 GMT+08:00,正常清除
15.1005005,重要,主机光纤通道中断,CNA04,主机,2018/04/11 23:15:38 GMT+08:00,2018/04/11 23:57:14 GMT+08:00,正常清除
15.1005005,重要,主机光纤通道中断,CNA07,主机,2018/04/11 23:15:32 GMT+08:00,2018/04/11 23:57:16 GMT+08:00,正常清除
15.1005005,重要,主机光纤通道中断,CNA05,主机,2018/04/11 23:15:32 GMT+08:00,2018/04/11 23:57:17 GMT+08:00,正常清除
15.1005005,重要,主机光纤通道中断,CNA001,主机,2018/04/11 23:15:32 GMT+08:00,2018/04/11 23:57:15 GMT+08:00,正常清除
15.1005005,重要,主机光纤通道中断,CNA08,主机,2018/04/11 23:15:31 GMT+08:00,2018/04/11 23:57:17 GMT+08:00,正常清除
15.1005005,重要,主机光纤通道中断,CNA03,主机,2018/04/11 23:15:31 GMT+08:00,2018/04/11 23:57:18 GMT+08:00,正常清除
15.1005005,重要,主机光纤通道中断,CNA09,主机,2018/04/11 23:15:31 GMT+08:00,2018/04/11 23:57:18 GMT+08:00,正常清除
15.1005005,重要,主机光纤通道中断,CNA002,主机,2018/04/11 23:15:31 GMT+08:00,2018/04/11 23:57:17 GMT+08:00,正常清除
15.1005005,重要,主机光纤通道中断,CNA06,主机,2018/04/11 23:15:31 GMT+08:00,2018/04/11 23:57:18 GMT+08:00,正常清除
15.1005005,重要,主机光纤通道中断,CNA10,主机,2018/04/11 23:15:29 GMT+08:00,2018/04/11 23:57:16 GMT+08:00,正常清除
15.1000036,次要,主机逻辑磁盘占用率超过阈值,CNA04,主机,2018/04/11 17:14:00 GMT+08:00,2018/04/11 17:19:00 GMT+08:00,正常清除
15.1000102,重要,虚拟机内存占用率超过阈值,核心网性能数据采集_windows应用服务器,虚拟机,2018/04/10 20:25:00 GMT+08:00,2018/04/28 10:17:00 GMT+08:00,正常清除
15.1000036,次要,主机逻辑磁盘占用率超过阈值,CNA05,主机,2018/04/10 16:59:00 GMT+08:00,2018/04/10 17:03:00 GMT+08:00,正常清除
15.1000036,次要,主机逻辑磁盘占用率超过阈值,CNA001,主机,2018/04/10 16:14:00 GMT+08:00,2018/04/10 16:48:00 GMT+08:00,正常清除
15.1000036,次要,主机逻辑磁盘占用率超过阈值,CNA08,主机,2018/04/08 18:15:00 GMT+08:00,2018/04/08 18:33:00 GMT+08:00,正常清除
15.1000036,次要,主机逻辑磁盘占用率超过阈值,CNA04,主机,2018/04/07 14:14:00 GMT+08:00,2018/04/07 14:19:00 GMT+08:00,正常清除
15.1000036,次要,主机逻辑磁盘占用率超过阈值,CNA002,主机,2018/04/06 11:45:00 GMT+08:00,2018/04/06 11:50:00 GMT+08:00,正常清除
15.1000101,重要,虚拟机CPU占用率超过阈值,superFM02,虚拟机,2018/04/05 16:59:00 GMT+08:00,2018/04/05 17:00:00 GMT+08:00,正常清除
15.1000101,重要,虚拟机CPU占用率超过阈值,superFM02,虚拟机,2018/04/05 13:20:00 GMT+08:00,2018/04/05 13:21:00 GMT+08:00,正常清除
15.1000101,重要,虚拟机CPU占用率超过阈值,superFM02,虚拟机,2018/04/05 09:41:00 GMT+08:00,2018/04/05 09:42:00 GMT+08:00,正常清除
15.1000101,重要,虚拟机CPU占用率超过阈值,superFM02,虚拟机,2018/04/05 06:29:00 GMT+08:00,2018/04/05 06:30:00 GMT+08:00,正常清除
15.1000101,重要,虚拟机CPU占用率超过阈值,superFM02,虚拟机,2018/04/05 06:02:00 GMT+08:00,2018/04/05 06:03:00 GMT+08:00,正常清除
15.1000101,重要,虚拟机CPU占用率超过阈值,superFM02,虚拟机,2018/04/05 05:35:00 GMT+08:00,2018/04/05 05:36:00 GMT+08:00,正常清除
15.1000101,重要,虚拟机CPU占用率超过阈值,superFM02,虚拟机,2018/04/05 02:23:00 GMT+08:00,2018/04/05 02:24:00 GMT+08:00,正常清除
15.1000101,重要,虚拟机CPU占用率超过阈值,superFM02,虚拟机,2018/04/04 23:38:00 GMT+08:00,2018/04/04 23:39:00 GMT+08:00,正常清除
15.1000101,重要,虚拟机CPU占用率超过阈值,superFM02,虚拟机,2018/04/04 23:11:00 GMT+08:00,2018/04/04 23:12:00 GMT+08:00,正常清除
15.1000101,重要,虚拟机CPU占用率超过阈值,superFM02,虚拟机,2018/04/04 19:59:00 GMT+08:00,2018/04/04 20:00:00 GMT+08:00,正常清除
15.1000101,重要,虚拟机CPU占用率超过阈值,superFM02,虚拟机,2018/04/04 19:32:00 GMT+08:00,2018/04/04 19:33:00 GMT+08:00,正常清除
15.1000101,重要,虚拟机CPU占用率超过阈值,superFM02,虚拟机,2018/04/04 16:47:00 GMT+08:00,2018/04/04 16:48:00 GMT+08:00,正常清除
15.1000101,重要,虚拟机CPU占用率超过阈值,superFM02,虚拟机,2018/04/04 16:20:00 GMT+08:00,2018/04/04 16:21:00 GMT+08:00,正常清除
15.1000101,重要,虚拟机CPU占用率超过阈值,superFM02,虚拟机,2018/04/04 11:17:00 GMT+08:00,2018/04/04 11:18:00 GMT+08:00,正常清除
15.1000101,重要,虚拟机CPU占用率超过阈值,superFM02,虚拟机,2018/04/04 10:50:00 GMT+08:00,2018/04/04 10:51:00 GMT+08:00,正常清除
15.1000101,重要,虚拟机CPU占用率超过阈值,superFM02,虚拟机,2018/04/04 07:38:00 GMT+08:00,2018/04/04 07:39:00 GMT+08:00,正常清除
15.1000101,次要,虚拟机CPU占用率超过阈值,superFM02,虚拟机,2018/04/03 04:09:00 GMT+08:00,2018/04/03 04:10:00 GMT+08:00,正常清除
15.1000036,次要,主机逻辑磁盘占用率超过阈值,CNA05,主机,2018/04/03 03:30:00 GMT+08:00,2018/04/03 03:35:00 GMT+08:00,正常清除
15.1000036,次要,主机逻辑磁盘占用率超过阈值,CNA03,主机,2018/04/03 01:42:00 GMT+08:00,2018/04/03 01:43:00 GMT+08:00,正常清除
15.1000036,次要,主机逻辑磁盘占用率超过阈值,CNA002,主机,2018/04/02 04:44:00 GMT+08:00,2018/04/02 04:49:00 GMT+08:00,正常清除
15.1000036,次要,主机逻辑磁盘占用率超过阈值,CNA08,主机,2018/04/01 16:45:00 GMT+08:00,2018/04/01 16:48:00 GMT+08:00,正常清除
15.1000036,次要,主机逻辑磁盘占用率超过阈值,CNA07,主机,2018/03/31 18:12:00 GMT+08:00,2018/03/31 18:13:00 GMT+08:00,正常清除
15.1000036,次要,主机逻辑磁盘占用率超过阈值,CNA04,主机,2018/03/30 15:30:00 GMT+08:00,2018/03/30 16:04:00 GMT+08:00,正常清除
15.1000036,次要,主机逻辑磁盘占用率超过阈值,CNA08,主机,2018/03/29 01:32:00 GMT+08:00,2018/03/29 01:33:00 GMT+08:00,正常清除
15.1000036,次要,主机逻辑磁盘占用率超过阈值,CNA10,主机,2018/03/28 18:15:00 GMT+08:00,2018/03/28 18:20:00 GMT+08:00,正常清除
15.1000101,次要,虚拟机CPU占用率超过阈值,superFM02,虚拟机,2018/03/28 16:06:00 GMT+08:00,2018/03/28 16:07:00 GMT+08:00,正常清除
15.1000101,次要,虚拟机CPU占用率超过阈值,superFM02,虚拟机,2018/03/27 22:18:00 GMT+08:00,2018/03/27 22:19:00 GMT+08:00,正常清除
15.1000101,重要,虚拟机CPU占用率超过阈值,superFM02,虚拟机,2018/03/26 18:44:00 GMT+08:00,2018/03/26 18:45:00 GMT+08:00,正常清除
15.1000036,次要,主机逻辑磁盘占用率超过阈值,CNA05,主机,2018/03/26 16:44:00 GMT+08:00,2018/03/26 16:49:00 GMT+08:00,正常清除
15.1000101,重要,虚拟机CPU占用率超过阈值,superFM02,虚拟机,2018/03/26 14:38:00 GMT+08:00,2018/03/26 14:39:00 GMT+08:00,正常清除
15.1000036,次要,主机逻辑磁盘占用率超过阈值,CNA04,主机,2018/03/26 12:29:00 GMT+08:00,2018/03/26 12:34:00 GMT+08:00,正常清除
15.1000101,重要,虚拟机CPU占用率超过阈值,superFM02,虚拟机,2018/03/26 07:20:00 GMT+08:00,2018/03/26 07:21:00 GMT+08:00,正常清除
15.1000101,重要,虚拟机CPU占用率超过阈值,superFM02,虚拟机,2018/03/25 18:35:00 GMT+08:00,2018/03/25 18:36:00 GMT+08:00,正常清除
15.1000101,重要,虚拟机CPU占用率超过阈值,superFM02,虚拟机,2018/03/25 14:02:00 GMT+08:00,2018/03/25 14:03:00 GMT+08:00,正常清除
15.1000101,重要,虚拟机CPU占用率超过阈值,superFM02,虚拟机,2018/03/25 05:50:00 GMT+08:00,2018/03/25 05:51:00 GMT+08:00,正常清除
15.1000036,次要,主机逻辑磁盘占用率超过阈值,CNA10,主机,2018/03/24 20:34:00 GMT+08:00,2018/03/24 20:35:00 GMT+08:00,正常清除
15.1000036,次要,主机逻辑磁盘占用率超过阈值,CNA08,主机,2018/03/22 00:14:00 GMT+08:00,2018/03/22 00:18:00 GMT+08:00,正常清除
15.1000036,次要,主机逻辑磁盘占用率超过阈值,CNA002,主机,2018/03/19 16:30:00 GMT+08:00,2018/03/19 16:34:00 GMT+08:00,正常清除
15.1000036,次要,主机逻辑磁盘占用率超过阈值,CNA05,主机,2018/03/19 04:59:00 GMT+08:00,2018/03/19 05:04:00 GMT+08:00,正常清除
15.1000036,次要,主机逻辑磁盘占用率超过阈值,CNA08,主机,2018/03/18 08:29:00 GMT+08:00,2018/03/18 08:32:00 GMT+08:00,正常清除
15.1000036,次要,主机逻辑磁盘占用率超过阈值,CNA04,主机,2018/03/18 07:29:00 GMT+08:00,2018/03/18 07:34:00 GMT+08:00,正常清除
15.1000036,次要,主机逻辑磁盘占用率超过阈值,CNA001,主机,2018/03/15 08:58:00 GMT+08:00,2018/03/15 09:04:00 GMT+08:00,正常清除
15.1000036,次要,主机逻辑磁盘占用率超过阈值,CNA05,主机,2018/03/15 08:44:00 GMT+08:00,2018/03/15 08:49:00 GMT+08:00,正常清除
15.1000101,重要,虚拟机CPU占用率超过阈值,superFM02,虚拟机,2018/03/14 08:14:00 GMT+08:00,2018/03/14 08:15:00 GMT+08:00,正常清除
15.1000101,次要,虚拟机CPU占用率超过阈值,superFM02,虚拟机,2018/03/13 23:32:00 GMT+08:00,2018/03/13 23:33:00 GMT+08:00,正常清除
15.1000101,次要,虚拟机CPU占用率超过阈值,superFM02,虚拟机,2018/03/13 20:57:00 GMT+08:00,2018/03/13 20:58:00 GMT+08:00,正常清除
15.1000101,重要,虚拟机CPU占用率超过阈值,superFM02,虚拟机,2018/03/13 20:47:00 GMT+08:00,2018/03/13 20:48:00 GMT+08:00,正常清除
15.1000101,重要,虚拟机CPU占用率超过阈值,superFM02,虚拟机,2018/03/13 18:02:00 GMT+08:00,2018/03/13 18:03:00 GMT+08:00,正常清除
15.1000101,重要,虚拟机CPU占用率超过阈值,superFM02,虚拟机,2018/03/13 15:17:00 GMT+08:00,2018/03/13 15:18:00 GMT+08:00,正常清除
15.1000101,重要,虚拟机CPU占用率超过阈值,superFM02,虚拟机,2018/03/13 09:47:00 GMT+08:00,2018/03/13 09:48:00 GMT+08:00,正常清除
15.1000036,次要,主机逻辑磁盘占用率超过阈值,CNA10,主机,2018/03/13 03:48:00 GMT+08:00,2018/03/13 03:50:00 GMT+08:00,正常清除
15.1000101,重要,虚拟机CPU占用率超过阈值,superFM02,虚拟机,2018/03/12 22:47:00 GMT+08:00,2018/03/12 22:48:00 GMT+08:00,正常清除
15.1000101,重要,虚拟机CPU占用率超过阈值,superFM02,虚拟机,2018/03/12 20:02:00 GMT+08:00,2018/03/12 20:03:00 GMT+08:00,正常清除
15.1000101,重要,虚拟机CPU占用率超过阈值,superFM02,虚拟机,2018/03/12 14:32:00 GMT+08:00,2018/03/12 14:33:00 GMT+08:00,正常清除
15.1006000,紧急,虚拟机发生反复重启故障,未受控对象,虚拟机,2018/03/12 11:00:29 GMT+08:00,2018/03/12 11:05:29 GMT+08:00,正常清除
15.1000101,重要,虚拟机CPU占用率超过阈值,superFM02,虚拟机,2018/03/12 09:01:00 GMT+08:00,2018/03/12 09:02:00 GMT+08:00,正常清除
15.1000101,重要,虚拟机CPU占用率超过阈值,superFM02,虚拟机,2018/03/11 21:34:00 GMT+08:00,2018/03/11 21:35:00 GMT+08:00,正常清除
15.1000101,重要,虚拟机CPU占用率超过阈值,superFM02,虚拟机,2018/03/11 01:52:00 GMT+08:00,2018/03/11 01:53:00 GMT+08:00,正常清除
15.1000101,重要,虚拟机CPU占用率超过阈值,superFM02,虚拟机,2018/03/10 20:22:00 GMT+08:00,2018/03/10 20:23:00 GMT+08:00,正常清除
15.1000101,重要,虚拟机CPU占用率超过阈值,superFM02,虚拟机,2018/03/10 17:37:00 GMT+08:00,2018/03/10 17:38:00 GMT+08:00,正常清除
15.1000101,重要,虚拟机CPU占用率超过阈值,superFM02,虚拟机,2018/03/10 12:07:00 GMT+08:00,2018/03/10 12:08:00 GMT+08:00,正常清除
15.1000036,次要,主机逻辑磁盘占用率超过阈值,CNA04,主机,2018/03/10 09:29:00 GMT+08:00,2018/03/10 09:33:00 GMT+08:00,正常清除
15.1000101,重要,虚拟机CPU占用率超过阈值,superFM02,虚拟机,2018/03/10 09:22:00 GMT+08:00,2018/03/10 09:23:00 GMT+08:00,正常清除
15.1000101,重要,虚拟机CPU占用率超过阈值,superFM02,虚拟机,2018/03/10 06:37:00 GMT+08:00,2018/03/10 06:38:00 GMT+08:00,正常清除
15.1000101,重要,虚拟机CPU占用率超过阈值,superFM02,虚拟机,2018/03/10 01:07:00 GMT+08:00,2018/03/10 01:08:00 GMT+08:00,正常清除
15.1000036,次要,主机逻辑磁盘占用率超过阈值,CNA08,主机,2018/03/09 22:59:00 GMT+08:00,2018/03/09 23:03:00 GMT+08:00,正常清除
15.1000101,重要,虚拟机CPU占用率超过阈值,superFM02,虚拟机,2018/03/09 22:22:00 GMT+08:00,2018/03/09 22:23:00 GMT+08:00,正常清除
15.1000101,次要,虚拟机CPU占用率超过阈值,superFM02,虚拟机,2018/03/07 19:15:00 GMT+08:00,2018/03/07 19:16:00 GMT+08:00,正常清除
15.1000101,重要,虚拟机CPU占用率超过阈值,superFM02,虚拟机,2018/03/07 18:48:00 GMT+08:00,2018/03/07 18:49:00 GMT+08:00,正常清除
15.1000101,重要,虚拟机CPU占用率超过阈值,superFM02,虚拟机,2018/03/07 12:24:00 GMT+08:00,2018/03/07 12:25:00 GMT+08:00,正常清除
15.1000101,重要,虚拟机CPU占用率超过阈值,superFM02,虚拟机,2018/03/07 08:45:00 GMT+08:00,2018/03/07 08:46:00 GMT+08:00,正常清除
15.1000101,重要,虚拟机CPU占用率超过阈值,superFM02,虚拟机,2018/03/07 05:33:00 GMT+08:00,2018/03/07 05:34:00 GMT+08:00,正常清除
15.1000101,重要,虚拟机CPU占用率超过阈值,superFM02,虚拟机,2018/03/07 02:21:00 GMT+08:00,2018/03/07 02:22:00 GMT+08:00,正常清除
15.1000101,重要,虚拟机CPU占用率超过阈值,superFM02,虚拟机,2018/03/06 23:09:00 GMT+08:00,2018/03/06 23:10:00 GMT+08:00,正常清除
15.1000101,重要,虚拟机CPU占用率超过阈值,superFM02,虚拟机,2018/03/06 19:57:00 GMT+08:00,2018/03/06 19:58:00 GMT+08:00,正常清除
15.1000101,重要,虚拟机CPU占用率超过阈值,superFM02,虚拟机,2018/03/06 16:18:00 GMT+08:00,2018/03/06 16:19:00 GMT+08:00,正常清除
15.1000036,次要,主机逻辑磁盘占用率超过阈值,CNA001,主机,2018/03/06 14:28:00 GMT+08:00,2018/03/06 14:34:00 GMT+08:00,正常清除
15.1000101,重要,虚拟机CPU占用率超过阈值,superFM02,虚拟机,2018/03/06 13:06:00 GMT+08:00,2018/03/06 13:07:00 GMT+08:00,正常清除
15.1000101,重要,虚拟机CPU占用率超过阈值,superFM02,虚拟机,2018/03/06 12:39:00 GMT+08:00,2018/03/06 12:40:00 GMT+08:00,正常清除
15.1000101,重要,虚拟机CPU占用率超过阈值,superFM02,虚拟机,2018/03/06 09:54:00 GMT+08:00,2018/03/06 09:55:00 GMT+08:00,正常清除
15.1000101,重要,虚拟机CPU占用率超过阈值,superFM02,虚拟机,2018/03/06 09:27:00 GMT+08:00,2018/03/06 09:28:00 GMT+08:00,正常清除
15.1000101,重要,虚拟机CPU占用率超过阈值,superFM02,虚拟机,2018/03/06 06:15:00 GMT+08:00,2018/03/06 06:16:00 GMT+08:00,正常清除
15.1000101,重要,虚拟机CPU占用率超过阈值,superFM02,虚拟机,2018/03/06 02:09:00 GMT+08:00,2018/03/06 02:10:00 GMT+08:00,正常清除
15.1000101,重要,虚拟机CPU占用率超过阈值,superFM02,虚拟机,2018/03/05 22:30:00 GMT+08:00,2018/03/05 22:31:00 GMT+08:00,正常清除
15.1000101,重要,虚拟机CPU占用率超过阈值,superFM02,虚拟机,2018/03/05 19:18:00 GMT+08:00,2018/03/05 19:19:00 GMT+08:00,正常清除
15.1000101,重要,虚拟机CPU占用率超过阈值,superFM02,虚拟机,2018/03/05 16:33:00 GMT+08:00,2018/03/05 16:34:00 GMT+08:00,正常清除
15.1000101,重要,虚拟机CPU占用率超过阈值,superFM02,虚拟机,2018/03/05 13:48:00 GMT+08:00,2018/03/05 13:49:00 GMT+08:00,正常清除
15.1000101,重要,虚拟机CPU占用率超过阈值,superFM02,虚拟机,2018/03/05 11:03:00 GMT+08:00,2018/03/05 11:04:00 GMT+08:00,正常清除
15.1000101,重要,虚拟机CPU占用率超过阈值,superFM02,虚拟机,2018/03/05 08:18:00 GMT+08:00,2018/03/05 08:19:00 GMT+08:00,正常清除
15.1000101,重要,虚拟机CPU占用率超过阈值,superFM02,虚拟机,2018/03/05 05:33:00 GMT+08:00,2018/03/05 05:34:00 GMT+08:00,正常清除
15.1000101,重要,虚拟机CPU占用率超过阈值,superFM02,虚拟机,2018/03/05 02:21:00 GMT+08:00,2018/03/05 02:22:00 GMT+08:00,正常清除
15.1000101,重要,虚拟机CPU占用率超过阈值,superFM02,虚拟机,2018/03/04 23:36:00 GMT+08:00,2018/03/04 23:37:00 GMT+08:00,正常清除
15.1007009,紧急,VRM与NTP服务器心跳状态异常,VRM02,VRM节点,2018/03/03 00:24:02 GMT+08:00,2018/03/02 16:44:02 GMT+08:00,正常清除
15.1002006,紧急,主机与NTP服务器心跳状态异常,CNA002,主机,2018/03/03 00:20:02 GMT+08:00,2018/03/02 16:42:02 GMT+08:00,正常清除
15.1002000,紧急,VRM主备间节点心跳故障,VRM02,VRM节点,2018/03/02 23:51:39 GMT+08:00,2018/03/03 00:16:06 GMT+08:00,正常清除
15.1007021,重要,备节点数据库异常,VRM02,VRM节点,2018/03/02 16:40:02 GMT+08:00,2018/03/02 16:42:02 GMT+08:00,正常清除
15.1002000,紧急,VRM主备间节点心跳故障,VRM02,VRM节点,2018/03/02 16:39:09 GMT+08:00,2018/03/02 16:39:09 GMT+08:00,正常清除
15.1002000,紧急,VRM主备间节点心跳故障,VRM01,VRM节点,2018/03/02 16:37:38 GMT+08:00,2018/03/02 16:39:09 GMT+08:00,正常清除
15.1000036,次要,主机逻辑磁盘占用率超过阈值,CNA001,主机,2018/03/02 02:44:00 GMT+08:00,2018/03/02 02:49:00 GMT+08:00,正常清除
15.1000102,次要,虚拟机内存占用率超过阈值,superFM01,虚拟机,2018/02/18 15:15:00 GMT+08:00,2018/02/22 04:04:00 GMT+08:00,正常清除
15.1004009,紧急,虚拟机HA时，资源不足导致启动失败,superFM02,虚拟机,2018/02/17 05:12:29 GMT+08:00,2018/03/02 16:13:56 GMT+08:00,正常清除
15.1004009,紧急,虚拟机HA时，资源不足导致启动失败,VRM02,虚拟机,2018/02/17 05:12:28 GMT+08:00,2018/03/02 16:13:56 GMT+08:00,正常清除
15.1007027,紧急,VRM主备节点数据库同步异常,VRM01,VRM节点,2018/02/17 05:04:22 GMT+08:00,2018/03/02 16:16:02 GMT+08:00,正常清除
10.1000027,紧急,主机与VRM心跳异常,CNA002,主机,2018/02/17 05:03:48 GMT+08:00,2018/03/02 16:13:19 GMT+08:00,正常清除
15.1002000,紧急,VRM主备间节点心跳故障,VRM01,VRM节点,2018/02/17 05:01:39 GMT+08:00,2018/03/02 16:14:32 GMT+08:00,正常清除
15.1000101,重要,虚拟机CPU占用率超过阈值,superFM01,虚拟机,2018/02/15 19:43:00 GMT+08:00,2018/02/15 19:44:00 GMT+08:00,正常清除
15.1000101,重要,虚拟机CPU占用率超过阈值,superFM01,虚拟机,2018/02/15 16:58:00 GMT+08:00,2018/02/15 16:59:00 GMT+08:00,正常清除
15.1000101,重要,虚拟机CPU占用率超过阈值,superFM01,虚拟机,2018/02/14 18:03:00 GMT+08:00,2018/02/14 18:04:00 GMT+08:00,正常清除
15.1000101,重要,虚拟机CPU占用率超过阈值,superFM01,虚拟机,2018/02/14 12:06:00 GMT+08:00,2018/02/14 12:07:00 GMT+08:00,正常清除
15.1000020,重要,内存预留率超过阈值,CNA03,主机,2018/02/08 15:28:00 GMT+08:00,2018/03/01 17:29:00 GMT+08:00,正常清除
10.1000027,紧急,主机与VRM心跳异常,CNA06,主机,2018/02/07 17:31:02 GMT+08:00,2018/02/07 17:41:41 GMT+08:00,正常清除
15.1000101,次要,虚拟机CPU占用率超过阈值,superFM01,虚拟机,2018/02/06 19:28:00 GMT+08:00,2018/02/06 19:29:00 GMT+08:00,正常清除
15.1000101,重要,虚拟机CPU占用率超过阈值,superFM01,虚拟机,2018/02/06 02:58:00 GMT+08:00,2018/02/06 02:59:00 GMT+08:00,正常清除
15.1007027,紧急,VRM主备节点数据库同步异常,VRM01,VRM节点,2018/02/06 00:52:22 GMT+08:00,2018/02/05 16:54:02 GMT+08:00,正常清除
15.1002000,紧急,VRM主备间节点心跳故障,VRM01,VRM节点,2018/02/06 00:50:39 GMT+08:00,2018/02/06 00:51:49 GMT+08:00,正常清除
15.1000101,重要,虚拟机CPU占用率超过阈值,superFM01,虚拟机,2018/02/05 19:10:00 GMT+08:00,2018/02/05 19:11:00 GMT+08:00,正常清除
15.1000101,重要,虚拟机CPU占用率超过阈值,superFM01,虚拟机,2018/02/05 18:43:00 GMT+08:00,2018/02/05 18:44:00 GMT+08:00,正常清除
15.1002000,紧急,VRM主备间节点心跳故障,VRM02,VRM节点,2018/02/05 16:51:37 GMT+08:00,2018/02/05 16:53:08 GMT+08:00,正常清除
15.1000101,重要,虚拟机CPU占用率超过阈值,superFM01,虚拟机,2018/02/01 00:59:00 GMT+08:00,2018/02/01 01:00:00 GMT+08:00,正常清除
15.1000101,重要,虚拟机CPU占用率超过阈值,superFM01,虚拟机,2018/01/31 12:35:00 GMT+08:00,2018/01/31 12:36:00 GMT+08:00,正常清除
15.1000101,重要,虚拟机CPU占用率超过阈值,superFM01,虚拟机,2018/01/31 09:50:00 GMT+08:00,2018/01/31 09:51:00 GMT+08:00,正常清除
15.1000101,重要,虚拟机CPU占用率超过阈值,superFM01,虚拟机,2018/01/31 07:32:00 GMT+08:00,2018/01/31 07:33:00 GMT+08:00,正常清除
15.1000101,次要,虚拟机CPU占用率超过阈值,superFM01,虚拟机,2018/01/31 01:43:00 GMT+08:00,2018/01/31 01:44:00 GMT+08:00,正常清除
15.1000101,重要,虚拟机CPU占用率超过阈值,superFM01,虚拟机,2018/01/31 00:38:00 GMT+08:00,2018/01/31 00:39:00 GMT+08:00,正常清除
15.1000101,重要,虚拟机CPU占用率超过阈值,superFM01,虚拟机,2018/01/30 20:29:00 GMT+08:00,2018/01/30 20:30:00 GMT+08:00,正常清除
15.1000101,重要,虚拟机CPU占用率超过阈值,superFM01,虚拟机,2018/01/30 15:53:00 GMT+08:00,2018/01/30 15:54:00 GMT+08:00,正常清除
15.1000101,次要,虚拟机CPU占用率超过阈值,superFM01,虚拟机,2018/01/30 14:40:00 GMT+08:00,2018/01/30 14:41:00 GMT+08:00,正常清除
15.1000101,重要,虚拟机CPU占用率超过阈值,superFM01,虚拟机,2018/01/30 06:14:00 GMT+08:00,2018/01/30 06:15:00 GMT+08:00,正常清除
15.1000101,次要,虚拟机CPU占用率超过阈值,superFM01,虚拟机,2018/01/29 19:49:00 GMT+08:00,2018/01/29 19:50:00 GMT+08:00,正常清除
15.1000101,重要,虚拟机CPU占用率超过阈值,superFM01,虚拟机,2018/01/29 16:26:00 GMT+08:00,2018/01/29 16:27:00 GMT+08:00,正常清除
15.1000101,重要,虚拟机CPU占用率超过阈值,superFM01,虚拟机,2018/01/29 15:13:00 GMT+08:00,2018/01/29 15:14:00 GMT+08:00,正常清除
15.1000101,重要,虚拟机CPU占用率超过阈值,superFM01,虚拟机,2018/01/29 09:05:00 GMT+08:00,2018/01/29 09:06:00 GMT+08:00,正常清除
15.1000101,重要,虚拟机CPU占用率超过阈值,superFM01,虚拟机,2018/01/29 06:47:00 GMT+08:00,2018/01/29 06:48:00 GMT+08:00,正常清除
15.1000101,重要,虚拟机CPU占用率超过阈值,superFM01,虚拟机,2018/01/29 04:29:00 GMT+08:00,2018/01/29 04:30:00 GMT+08:00,正常清除
15.1000101,次要,虚拟机CPU占用率超过阈值,superFM01,虚拟机,2018/01/28 07:55:00 GMT+08:00,2018/01/28 07:56:00 GMT+08:00,正常清除
15.1000101,重要,虚拟机CPU占用率超过阈值,superFM01,虚拟机,2018/01/21 12:51:00 GMT+08:00,2018/01/21 12:52:00 GMT+08:00,正常清除
15.1005009,重要,数据存储异常,华为新云平台LUN0010003,数据存储,2018/01/20 07:57:07 GMT+08:00,2018/01/20 08:13:02 GMT+08:00,正常清除
15.1005009,重要,数据存储异常,华为新云平台LUN0010000,数据存储,2018/01/20 07:57:07 GMT+08:00,2018/01/20 08:13:59 GMT+08:00,正常清除
15.1005009,重要,数据存储异常,华为新云平台LUN0010001,数据存储,2018/01/20 07:57:02 GMT+08:00,2018/01/20 08:14:29 GMT+08:00,正常清除
15.1005009,重要,数据存储异常,华为新云平台LUN0010002,数据存储,2018/01/20 07:56:59 GMT+08:00,2018/01/20 08:14:19 GMT+08:00,正常清除
15.1005004,紧急,主机关联的数据存储异常,CNA10,主机,2018/01/20 07:56:55 GMT+08:00,2018/01/20 08:15:02 GMT+08:00,正常清除
15.1005004,紧急,主机关联的数据存储异常,CNA09,主机,2018/01/20 07:56:52 GMT+08:00,2018/01/20 08:14:57 GMT+08:00,正常清除
15.1005004,紧急,主机关联的数据存储异常,CNA05,主机,2018/01/20 07:56:50 GMT+08:00,2018/01/20 08:15:11 GMT+08:00,正常清除
15.1005004,紧急,主机关联的数据存储异常,CNA04,主机,2018/01/20 07:56:38 GMT+08:00,2018/01/20 08:15:04 GMT+08:00,正常清除
15.1005004,紧急,主机关联的数据存储异常,CNA002,主机,2018/01/20 07:56:37 GMT+08:00,2018/01/20 08:14:51 GMT+08:00,正常清除
15.1005004,紧急,主机关联的数据存储异常,CNA03,主机,2018/01/20 07:56:31 GMT+08:00,2018/01/20 08:14:49 GMT+08:00,正常清除
15.1005004,紧急,主机关联的数据存储异常,CNA08,主机,2018/01/20 07:56:22 GMT+08:00,2018/01/20 08:14:36 GMT+08:00,正常清除
15.1005004,紧急,主机关联的数据存储异常,CNA07,主机,2018/01/20 07:56:22 GMT+08:00,2018/01/20 08:14:18 GMT+08:00,正常清除
15.1005004,紧急,主机关联的数据存储异常,CNA001,主机,2018/01/20 07:55:57 GMT+08:00,2018/01/20 08:13:57 GMT+08:00,正常清除
15.1005007,提示,数据存储I/O响应时延超过阈值,CNA05,主机,2018/01/20 07:41:55 GMT+08:00,2018/01/20 07:42:56 GMT+08:00,正常清除
15.1005004,紧急,主机关联的数据存储异常,CNA06,主机,2018/01/19 23:55:16 GMT+08:00,2018/01/20 00:13:26 GMT+08:00,正常清除
15.1000204,紧急,主机网口状态异常,CNA05,主机,2018/01/19 00:19:30 GMT+08:00,2018/01/19 00:23:00 GMT+08:00,正常清除
15.1000204,紧急,主机网口状态异常,CNA05,主机,2018/01/19 00:18:00 GMT+08:00,2018/01/19 00:18:30 GMT+08:00,正常清除
15.1006001,重要,网口自协商速率没有达到服务器网口的最大速率,CNA05,主机,2018/01/19 00:14:06 GMT+08:00,2018/01/19 00:14:32 GMT+08:00,正常清除
15.1000204,紧急,主机网口状态异常,CNA05,主机,2018/01/19 00:10:59 GMT+08:00,2018/01/19 00:12:00 GMT+08:00,正常清除
15.1000204,紧急,主机网口状态异常,CNA05,主机,2018/01/19 00:08:59 GMT+08:00,2018/01/19 00:09:29 GMT+08:00,正常清除
15.1000204,紧急,主机网口状态异常,CNA05,主机,2018/01/19 00:07:59 GMT+08:00,2018/01/19 00:08:29 GMT+08:00,正常清除
15.1004009,紧急,虚拟机HA时，资源不足导致启动失败,superFM01,虚拟机,2018/01/18 19:39:21 GMT+08:00,2018/01/18 19:42:24 GMT+08:00,正常清除
15.1004009,紧急,虚拟机HA时，资源不足导致启动失败,VRM01,虚拟机,2018/01/18 19:39:21 GMT+08:00,2018/01/18 19:42:24 GMT+08:00,正常清除
15.1007027,紧急,VRM主备节点数据库同步异常,VRM02,VRM节点,2018/01/18 19:32:22 GMT+08:00,2018/01/18 19:44:01 GMT+08:00,正常清除
10.1000027,紧急,主机与VRM心跳异常,CNA001,主机,2018/01/18 19:30:40 GMT+08:00,2018/01/18 19:41:47 GMT+08:00,正常清除
15.1002000,紧急,VRM主备间节点心跳故障,VRM02,VRM节点,2018/01/18 19:30:23 GMT+08:00,2018/01/18 19:43:03 GMT+08:00,正常清除
15.1000204,紧急,主机网口状态异常,CNA08,主机,2018/01/18 19:21:22 GMT+08:00,2018/01/18 19:25:52 GMT+08:00,正常清除
15.1000204,紧急,主机网口状态异常,CNA05,主机,2018/01/18 18:48:25 GMT+08:00,2018/01/18 18:48:55 GMT+08:00,正常清除
15.1000204,紧急,主机网口状态异常,CNA002,主机,2018/01/18 18:45:31 GMT+08:00,2018/01/18 18:47:32 GMT+08:00,正常清除
15.1000204,紧急,主机网口状态异常,CNA03,主机,2018/01/18 18:44:29 GMT+08:00,2018/01/18 18:45:29 GMT+08:00,正常清除
15.1000204,紧急,主机网口状态异常,CNA002,主机,2018/01/18 18:43:31 GMT+08:00,2018/01/18 18:44:01 GMT+08:00,正常清除
15.1000101,重要,虚拟机CPU占用率超过阈值,superFM01,虚拟机,2018/01/18 02:02:00 GMT+08:00,2018/01/18 02:03:00 GMT+08:00,正常清除
15.1000101,重要,虚拟机CPU占用率超过阈值,superFM01,虚拟机,2018/01/16 22:50:00 GMT+08:00,2018/01/16 22:51:00 GMT+08:00,正常清除
15.1000101,重要,虚拟机CPU占用率超过阈值,superFM01,虚拟机,2018/01/16 18:41:00 GMT+08:00,2018/01/16 18:42:00 GMT+08:00,正常清除
15.1000101,重要,虚拟机CPU占用率超过阈值,superFM01,虚拟机,2018/01/16 14:05:00 GMT+08:00,2018/01/16 14:06:00 GMT+08:00,正常清除
15.1000102,次要,虚拟机内存占用率超过阈值,superFM02,虚拟机,2018/01/16 08:53:00 GMT+08:00,2018/01/25 02:01:00 GMT+08:00,正常清除
15.1005009,重要,数据存储异常,autoDS_CNA001,数据存储,2018/01/16 02:00:55 GMT+08:00,2018/01/16 02:01:01 GMT+08:00,正常清除
10.1000027,紧急,主机与VRM心跳异常,CNA001,主机,2018/01/16 01:52:27 GMT+08:00,2018/01/16 02:01:12 GMT+08:00,正常清除
15.1007027,紧急,VRM主备节点数据库同步异常,VRM02,VRM节点,2018/01/16 01:52:23 GMT+08:00,2018/01/16 02:04:01 GMT+08:00,正常清除
15.1002000,紧急,VRM主备间节点心跳故障,VRM02,VRM节点,2018/01/16 01:50:18 GMT+08:00,2018/01/16 02:03:15 GMT+08:00,正常清除
15.1007021,重要,备节点数据库异常,VRM02,VRM节点,2018/01/16 01:40:02 GMT+08:00,2018/01/16 01:42:01 GMT+08:00,正常清除
15.1007027,紧急,VRM主备节点数据库同步异常,VRM01,VRM节点,2018/01/16 01:30:23 GMT+08:00,2018/01/16 01:40:01 GMT+08:00,正常清除
10.1000027,紧急,主机与VRM心跳异常,CNA002,主机,2018/01/16 01:28:26 GMT+08:00,2018/01/16 01:37:02 GMT+08:00,正常清除
15.1002000,紧急,VRM主备间节点心跳故障,VRM01,VRM节点,2018/01/16 01:28:10 GMT+08:00,2018/01/16 01:38:57 GMT+08:00,正常清除
10.1000027,紧急,主机与VRM心跳异常,CNA10,主机,2018/01/16 00:43:55 GMT+08:00,2018/01/16 00:52:14 GMT+08:00,正常清除
10.1000027,紧急,主机与VRM心跳异常,CNA09,主机,2018/01/16 00:41:04 GMT+08:00,2018/01/16 00:49:13 GMT+08:00,正常清除
10.1000027,紧急,主机与VRM心跳异常,CNA08,主机,2018/01/16 00:40:55 GMT+08:00,2018/01/16 00:49:01 GMT+08:00,正常清除
10.1000027,紧急,主机与VRM心跳异常,CNA07,主机,2018/01/16 00:40:45 GMT+08:00,2018/01/16 00:49:07 GMT+08:00,正常清除
10.1000027,紧急,主机与VRM心跳异常,CNA06,主机,2018/01/16 00:40:39 GMT+08:00,2018/01/16 00:50:26 GMT+08:00,正常清除
10.1000027,紧急,主机与VRM心跳异常,CNA05,主机,2018/01/16 00:40:27 GMT+08:00,2018/01/16 00:48:49 GMT+08:00,正常清除
10.1000027,紧急,主机与VRM心跳异常,CNA04,主机,2018/01/16 00:40:15 GMT+08:00,2018/01/16 00:48:31 GMT+08:00,正常清除
10.1000027,紧急,主机与VRM心跳异常,CNA03,主机,2018/01/16 00:40:03 GMT+08:00,2018/01/16 00:48:13 GMT+08:00,正常清除
15.1000101,重要,虚拟机CPU占用率超过阈值,superFM02,虚拟机,2018/01/16 00:40:00 GMT+08:00,2018/01/16 00:41:00 GMT+08:00,正常清除
15.1000101,重要,虚拟机CPU占用率超过阈值,superFM02,虚拟机,2018/01/11 18:33:00 GMT+08:00,2018/01/11 18:34:00 GMT+08:00,正常清除
15.1000101,重要,虚拟机CPU占用率超过阈值,superFM02,虚拟机,2018/01/11 01:05:00 GMT+08:00,2018/01/11 01:06:00 GMT+08:00,正常清除
15.1006001,重要,网口自协商速率没有达到服务器网口的最大速率,CNA05,主机,2018/01/10 22:58:48 GMT+08:00,2018/01/10 22:59:15 GMT+08:00,正常清除
15.1000101,重要,虚拟机CPU占用率超过阈值,superFM02,虚拟机,2018/01/09 18:20:00 GMT+08:00,2018/01/09 18:21:00 GMT+08:00,正常清除
15.1005005,重要,主机光纤通道中断,CNA05,主机,2018/01/09 08:30:41 GMT+08:00,2018/01/16 00:49:25 GMT+08:00,正常清除
15.1005005,重要,主机光纤通道中断,CNA002,主机,2018/01/09 08:30:33 GMT+08:00,2018/01/16 01:37:27 GMT+08:00,正常清除
15.1005005,重要,主机光纤通道中断,CNA09,主机,2018/01/09 08:30:30 GMT+08:00,2018/01/16 00:49:44 GMT+08:00,正常清除
15.1005005,重要,主机光纤通道中断,CNA10,主机,2018/01/09 08:30:29 GMT+08:00,2018/01/16 00:52:49 GMT+08:00,正常清除
15.1005005,重要,主机光纤通道中断,CNA04,主机,2018/01/09 08:30:28 GMT+08:00,2018/01/16 00:48:57 GMT+08:00,正常清除
15.1005005,重要,主机光纤通道中断,CNA03,主机,2018/01/09 08:30:14 GMT+08:00,2018/01/16 00:48:31 GMT+08:00,正常清除
15.1005005,重要,主机光纤通道中断,CNA07,主机,2018/01/09 08:30:08 GMT+08:00,2018/01/16 00:49:10 GMT+08:00,正常清除
15.1005005,重要,主机光纤通道中断,CNA001,主机,2018/01/09 08:30:08 GMT+08:00,2018/01/16 02:00:33 GMT+08:00,正常清除
15.1005005,重要,主机光纤通道中断,CNA08,主机,2018/01/09 08:30:00 GMT+08:00,2018/01/16 00:49:10 GMT+08:00,正常清除
15.1000101,重要,虚拟机CPU占用率超过阈值,superFM02,虚拟机,2018/01/09 06:23:00 GMT+08:00,2018/01/09 06:24:00 GMT+08:00,正常清除
15.1005005,重要,主机光纤通道中断,CNA06,主机,2018/01/09 00:28:57 GMT+08:00,2018/01/15 16:49:24 GMT+08:00,正常清除
15.1000101,次要,虚拟机CPU占用率超过阈值,superFM02,虚拟机,2018/01/08 03:17:00 GMT+08:00,2018/01/08 03:18:00 GMT+08:00,正常清除
15.1000101,重要,虚拟机CPU占用率超过阈值,superFM02,虚拟机,2018/01/07 08:02:00 GMT+08:00,2018/01/07 08:03:00 GMT+08:00,正常清除
15.1000101,重要,虚拟机CPU占用率超过阈值,superFM02,虚拟机,2018/01/07 05:17:00 GMT+08:00,2018/01/07 05:18:00 GMT+08:00,正常清除
15.1000101,重要,虚拟机CPU占用率超过阈值,superFM02,虚拟机,2018/01/07 02:32:00 GMT+08:00,2018/01/07 02:33:00 GMT+08:00,正常清除
15.1000101,重要,虚拟机CPU占用率超过阈值,superFM02,虚拟机,2018/01/06 09:59:00 GMT+08:00,2018/01/06 10:00:00 GMT+08:00,正常清除
15.1000101,重要,虚拟机CPU占用率超过阈值,superFM02,虚拟机,2018/01/05 15:35:00 GMT+08:00,2018/01/05 15:36:00 GMT+08:00,正常清除
15.1000101,重要,虚拟机CPU占用率超过阈值,superFM02,虚拟机,2018/01/04 19:23:00 GMT+08:00,2018/01/04 19:24:00 GMT+08:00,正常清除
15.1000101,重要,虚拟机CPU占用率超过阈值,superFM02,虚拟机,2018/01/04 13:53:00 GMT+08:00,2018/01/04 13:54:00 GMT+08:00,正常清除
15.1000101,重要,虚拟机CPU占用率超过阈值,superFM02,虚拟机,2018/01/04 08:50:00 GMT+08:00,2018/01/04 08:51:00 GMT+08:00,正常清除
15.1000101,重要,虚拟机CPU占用率超过阈值,superFM02,虚拟机,2018/01/04 06:05:00 GMT+08:00,2018/01/04 06:06:00 GMT+08:00,正常清除
15.1000101,重要,虚拟机CPU占用率超过阈值,superFM02,虚拟机,2018/01/04 03:47:00 GMT+08:00,2018/01/04 03:48:00 GMT+08:00,正常清除
15.1000101,重要,虚拟机CPU占用率超过阈值,superFM02,虚拟机,2018/01/04 01:29:00 GMT+08:00,2018/01/04 01:30:00 GMT+08:00,正常清除
15.1000101,重要,虚拟机CPU占用率超过阈值,superFM02,虚拟机,2018/01/03 23:11:00 GMT+08:00,2018/01/03 23:12:00 GMT+08:00,正常清除
15.1000101,重要,虚拟机CPU占用率超过阈值,superFM02,虚拟机,2018/01/03 20:53:00 GMT+08:00,2018/01/03 20:54:00 GMT+08:00,正常清除
15.1000102,次要,虚拟机内存占用率超过阈值,superFM01,虚拟机,2017/12/21 13:08:00 GMT+08:00,2017/12/31 03:33:00 GMT+08:00,正常清除
15.1005007,提示,数据存储I/O响应时延超过阈值,CNA001,主机,2017/12/20 23:16:33 GMT+08:00,2017/12/20 23:18:33 GMT+08:00,正常清除
15.1005007,提示,数据存储I/O响应时延超过阈值,CNA002,主机,2017/12/20 23:08:53 GMT+08:00,2017/12/20 23:18:53 GMT+08:00,正常清除
15.1005007,提示,数据存储I/O响应时延超过阈值,CNA001,主机,2017/12/20 23:08:32 GMT+08:00,2017/12/20 23:11:32 GMT+08:00,正常清除
15.1000204,紧急,主机网口状态异常,CNA002,主机,2017/12/20 22:53:17 GMT+08:00,2018/01/10 22:56:53 GMT+08:00,正常清除
15.1005009,重要,数据存储异常,autoDS_CNA002,数据存储,2017/12/20 22:52:50 GMT+08:00,2017/12/20 22:52:56 GMT+08:00,正常清除
10.1000027,紧急,主机与VRM心跳异常,CNA03,主机,2017/12/20 12:48:22 GMT+08:00,2017/12/20 12:48:28 GMT+08:00,正常清除
10.1000027,紧急,主机与VRM心跳异常,CNA03,主机,2017/12/20 12:45:01 GMT+08:00,2017/12/20 12:45:04 GMT+08:00,正常清除
10.1000027,紧急,主机与VRM心跳异常,CNA03,主机,2017/12/20 12:38:13 GMT+08:00,2017/12/20 12:38:19 GMT+08:00,正常清除
10.1000027,紧急,主机与VRM心跳异常,CNA03,主机,2017/12/20 11:57:43 GMT+08:00,2017/12/20 11:57:49 GMT+08:00,正常清除
10.1000027,紧急,主机与VRM心跳异常,CNA03,主机,2017/12/20 11:03:41 GMT+08:00,2017/12/20 11:04:02 GMT+08:00,正常清除
10.1000027,紧急,主机与VRM心跳异常,CNA03,主机,2017/12/20 09:15:37 GMT+08:00,2017/12/20 09:15:43 GMT+08:00,正常清除
10.1000027,紧急,主机与VRM心跳异常,CNA03,主机,2017/12/20 05:39:29 GMT+08:00,2017/12/20 05:39:32 GMT+08:00,正常清除
10.1000027,紧急,主机与VRM心跳异常,CNA03,主机,2017/12/20 03:35:38 GMT+08:00,2017/12/20 03:35:57 GMT+08:00,正常清除
10.1000027,紧急,主机与VRM心跳异常,CNA03,主机,2017/12/20 03:23:35 GMT+08:00,2017/12/20 03:23:44 GMT+08:00,正常清除
10.1000027,紧急,主机与VRM心跳异常,CNA03,主机,2017/12/20 03:11:28 GMT+08:00,2017/12/20 03:11:40 GMT+08:00,正常清除
15.1000204,紧急,主机网口状态异常,CNA001,主机,2017/12/20 03:08:19 GMT+08:00,2018/01/18 18:44:14 GMT+08:00,正常清除
15.1000204,紧急,主机网口状态异常,CNA10,主机,2017/12/20 03:07:39 GMT+08:00,2018/01/10 22:56:49 GMT+08:00,正常清除
15.1000204,紧急,主机网口状态异常,CNA09,主机,2017/12/20 03:07:01 GMT+08:00,2018/01/10 22:56:47 GMT+08:00,正常清除
15.1000204,紧急,主机网口状态异常,CNA08,主机,2017/12/20 03:05:58 GMT+08:00,2018/01/10 22:56:51 GMT+08:00,正常清除
15.1000204,紧急,主机网口状态异常,CNA07,主机,2017/12/20 03:05:40 GMT+08:00,2018/01/10 22:56:58 GMT+08:00,正常清除
15.1000204,紧急,主机网口状态异常,CNA06,主机,2017/12/20 03:04:41 GMT+08:00,2018/01/10 22:58:09 GMT+08:00,正常清除
15.1000204,紧急,主机网口状态异常,CNA05,主机,2017/12/20 03:03:36 GMT+08:00,2018/01/10 22:56:21 GMT+08:00,正常清除
10.1000027,紧急,主机与VRM心跳异常,CNA03,主机,2017/12/20 02:59:27 GMT+08:00,2017/12/20 02:59:45 GMT+08:00,正常清除
15.1000204,紧急,主机网口状态异常,CNA04,主机,2017/12/20 02:55:07 GMT+08:00,2018/01/10 22:57:21 GMT+08:00,正常清除
15.1000204,紧急,主机网口状态异常,CNA03,主机,2017/12/20 02:50:53 GMT+08:00,2018/01/10 22:58:48 GMT+08:00,正常清除
10.1000027,紧急,主机与VRM心跳异常,CNA03,主机,2017/12/20 02:47:17 GMT+08:00,2017/12/20 02:47:23 GMT+08:00,正常清除
10.1000027,紧急,主机与VRM心跳异常,CNA03,主机,2017/12/20 02:22:54 GMT+08:00,2017/12/20 02:23:12 GMT+08:00,正常清除
10.1000027,紧急,主机与VRM心跳异常,CNA03,主机,2017/12/20 02:10:50 GMT+08:00,2017/12/20 02:11:05 GMT+08:00,正常清除
10.1000027,紧急,主机与VRM心跳异常,CNA03,主机,2017/12/20 01:58:46 GMT+08:00,2017/12/20 01:58:55 GMT+08:00,正常清除
10.1000027,紧急,主机与VRM心跳异常,CNA03,主机,2017/12/20 01:46:39 GMT+08:00,2017/12/20 01:46:51 GMT+08:00,正常清除
10.1000027,紧急,主机与VRM心跳异常,CNA03,主机,2017/12/20 01:34:38 GMT+08:00,2017/12/20 01:34:44 GMT+08:00,正常清除
10.1000027,紧急,主机与VRM心跳异常,CNA03,主机,2017/12/20 01:22:31 GMT+08:00,2017/12/20 01:22:49 GMT+08:00,正常清除
10.1000027,紧急,主机与VRM心跳异常,CNA03,主机,2017/12/20 01:10:27 GMT+08:00,2017/12/20 01:10:45 GMT+08:00,正常清除
10.1000027,紧急,主机与VRM心跳异常,CNA03,主机,2017/12/20 00:58:23 GMT+08:00,2017/12/20 00:58:41 GMT+08:00,正常清除
15.1002000,紧急,VRM主备间节点心跳故障,VRM02,VRM节点,2017/12/20 00:39:23 GMT+08:00,2017/12/20 00:39:27 GMT+08:00,正常清除
10.1000027,紧急,主机与VRM心跳异常,CNA03,主机,2017/12/20 00:34:15 GMT+08:00,2017/12/20 00:34:21 GMT+08:00,正常清除
15.1007027,紧急,VRM主备节点数据库同步异常,VRM01,VRM节点,2017/12/20 00:32:22 GMT+08:00,2017/12/20 00:40:02 GMT+08:00,正常清除
15.1002000,紧急,VRM主备间节点心跳故障,VRM01,VRM节点,2017/12/20 00:29:20 GMT+08:00,2017/12/20 00:39:19 GMT+08:00,正常清除
10.1000027,紧急,主机与VRM心跳异常,CNA03,主机,2017/12/20 00:22:08 GMT+08:00,2017/12/20 00:22:14 GMT+08:00,正常清除
10.1000027,紧急,主机与VRM心跳异常,CNA03,主机,2017/12/20 00:10:07 GMT+08:00,2017/12/20 00:10:10 GMT+08:00,正常清除
15.1006008,提示,主机管理接口未配置网络冗余,CNA06,主机,2017/12/20 00:05:00 GMT+08:00,2017/12/20 03:05:00 GMT+08:00,正常清除
15.1006008,提示,主机管理接口未配置网络冗余,CNA10,主机,2017/12/20 00:05:00 GMT+08:00,2017/12/20 04:05:00 GMT+08:00,正常清除
15.1006008,提示,主机管理接口未配置网络冗余,CNA09,主机,2017/12/20 00:05:00 GMT+08:00,2017/12/20 04:05:00 GMT+08:00,正常清除
15.1006008,提示,主机管理接口未配置网络冗余,CNA08,主机,2017/12/20 00:05:00 GMT+08:00,2017/12/20 04:05:00 GMT+08:00,正常清除
15.1006008,提示,主机管理接口未配置网络冗余,CNA07,主机,2017/12/20 00:05:00 GMT+08:00,2017/12/20 04:05:00 GMT+08:00,正常清除
15.1006008,提示,主机管理接口未配置网络冗余,CNA05,主机,2017/12/20 00:05:00 GMT+08:00,2017/12/20 03:05:00 GMT+08:00,正常清除
15.1006008,提示,主机管理接口未配置网络冗余,CNA04,主机,2017/12/20 00:05:00 GMT+08:00,2017/12/20 03:05:00 GMT+08:00,正常清除
15.1006008,提示,主机管理接口未配置网络冗余,CNA03,主机,2017/12/20 00:05:00 GMT+08:00,2017/12/20 03:05:00 GMT+08:00,正常清除
15.1002000,紧急,VRM主备间节点心跳故障,VRM02,VRM节点,2017/12/19 23:58:34 GMT+08:00,2017/12/19 23:58:39 GMT+08:00,正常清除
10.1000027,紧急,主机与VRM心跳异常,CNA03,主机,2017/12/19 23:58:00 GMT+08:00,2017/12/19 23:58:03 GMT+08:00,正常清除
15.1007027,紧急,VRM主备节点数据库同步异常,VRM01,VRM节点,2017/12/19 23:50:22 GMT+08:00,2017/12/20 00:00:01 GMT+08:00,正常清除
15.1002000,紧急,VRM主备间节点心跳故障,VRM01,VRM节点,2017/12/19 23:48:32 GMT+08:00,2017/12/19 23:58:30 GMT+08:00,正常清除
10.1000027,紧急,主机与VRM心跳异常,CNA03,主机,2017/12/19 23:45:56 GMT+08:00,2017/12/19 23:46:11 GMT+08:00,正常清除
10.1000027,紧急,主机与VRM心跳异常,CNA03,主机,2017/12/19 23:33:51 GMT+08:00,2017/12/19 23:34:15 GMT+08:00,正常清除
15.1006001,重要,网口自协商速率没有达到服务器网口的最大速率,CNA10,主机,2017/12/19 23:32:20 GMT+08:00,2017/12/19 23:32:44 GMT+08:00,正常清除
15.1006001,重要,网口自协商速率没有达到服务器网口的最大速率,CNA07,主机,2017/12/19 23:27:24 GMT+08:00,2017/12/19 23:27:58 GMT+08:00,正常清除
15.1006001,重要,网口自协商速率没有达到服务器网口的最大速率,CNA05,主机,2017/12/19 23:26:03 GMT+08:00,2017/12/19 23:26:28 GMT+08:00,正常清除
15.1006008,提示,主机管理接口未配置网络冗余,CNA002,主机,2017/12/19 23:05:00 GMT+08:00,2017/12/20 04:05:00 GMT+08:00,正常清除
15.1006008,提示,主机管理接口未配置网络冗余,CNA001,主机,2017/12/19 23:05:00 GMT+08:00,2017/12/20 04:05:00 GMT+08:00,正常清除
15.1004009,紧急,虚拟机HA时，资源不足导致启动失败,VRM02,虚拟机,2017/12/19 23:00:57 GMT+08:00,2017/12/20 22:52:53 GMT+08:00,正常清除
15.1007019,重要,VRM未配置NTP时钟源,VRM02,VRM节点,2017/12/19 22:55:01 GMT+08:00,2018/02/05 16:50:04 GMT+08:00,正常清除
15.1001005,紧急,未加载license,site-license,站点,2017/12/19 22:54:44 GMT+08:00,2018/03/02 17:32:17 GMT+08:00,正常清除
15.1007027,紧急,VRM主备节点数据库同步异常,VRM01,VRM节点,2017/12/19 22:52:22 GMT+08:00,2017/12/19 22:54:01 GMT+08:00,正常清除
10.1000027,紧急,主机与VRM心跳异常,CNA002,主机,2017/12/19 22:52:17 GMT+08:00,2017/12/20 22:52:52 GMT+08:00,正常清除
15.1002000,紧急,VRM主备间节点心跳故障,VRM01,VRM节点,2017/12/19 22:50:08 GMT+08:00,2017/12/19 22:51:57 GMT+08:00,正常清除
15.1007019,重要,VRM未配置NTP时钟源,VRM01,VRM节点,2017/12/19 22:50:01 GMT+08:00,2018/02/05 16:55:02 GMT+08:00,正常清除
15.1007018,重要,主机未配置NTP时钟源,CNA002,主机,2017/12/19 21:10:02 GMT+08:00,2018/02/05 16:50:02 GMT+08:00,正常清除
15.1007018,重要,主机未配置NTP时钟源,CNA001,主机,2017/12/19 21:10:02 GMT+08:00,2018/02/05 16:50:02 GMT+08:00,正常清除
15.1007018,重要,主机未配置NTP时钟源,未受控对象,主机,2017/12/19 15:15:02 GMT+08:00,2017/12/19 15:20:02 GMT+08:00,正常清除
15.1006000,紧急,虚拟机发生反复重启故障,未受控对象,虚拟机,2018/04/20 15:01:54 GMT+08:00,2018/04/20 15:02:57 GMT+08:00,手动清除
